<?xml version="1.0" encoding="UTF-8"?>

<action-controller>
	<action>
		<name>login</name>
		<class>
			<name>loginAction</name>
			<method>login</method>
		</class>
		<result>
			<name>success</name>
			<type>forward</type>
			<value>pages/success.jsp</value>
		</result>
		<result>
			<name>fail</name>
			<type>redirect</type>
			<value>pages/fail.jsp</value>
		</result>
	</action>
	<action>
		<name>register</name>
		<class>
			<name>registerAction</name>
			<method>register</method>
		</class>
		<result>
			<name>success</name>
			<type>forward</type>
			<value>pages/register_success.jsp</value>
		</result>
		<result>
			<name>fail</name>
			<type>redirect</type>
			<value>pages/register_fail.jsp</value>
		</result>
	</action>
	
</action-controller>