<!DOCTYPE hibernate-configuration PUBLIC
	"-//Hibernate/Hibernate Configuration DTD 3.0//EN"
	"http://www.hibernate.org/dtd/hibernate-configuration-3.0.dtd">

<hibernate-configuration>
	<session-factory>
		<property name="connection.driver_class">com.mysql.jdbc.Driver</property>
		<property name="connection.url">jdbc:mysql://localhost/strutsapp</property>
		<property name="connection.username">root</property>
		<property name="connection.password">hello</property>
		<property name="dialect">org.hibernate.dialect.MySQL5InnoDBDialect</property>
		<property name="hbm2ddl.auto">update</property>
		<property name="show_sql">true</property>
		<property name="hibernate.current_session_context_class">thread</property>
		
		<!-- <mapping class="cn.pluto.www.Users"/> -->
		<mapping resource="cn/zq/www/entity/User.hbm.xml"/>
	</session-factory>
</hibernate-configuration>