<?xml version="1.0"?>
<!DOCTYPE hibernate-mapping
PUBLIC "-//Hibernate/Hibernate Mapping DTD 3.0//EN"
"http://hibernate.sourceforge.net/hibernate-mapping-3.0.dtd">
<hibernate-mapping>
	<class name="cn.zq.www.entity.User" table="user">
		<id name="userid" column="userid" type="int">
			<generator class="identity"> <!-- 主键id的生成方式为自增 -->
			</generator>
		</id>
		<property name="username" column="username" type="string"></property>
		<property name="password" column="password" type="string"></property>
		<property name="mobile" column="mobile" type="string"></property>
		<property name="email" column="email" type="string"></property>
	</class>
</hibernate-mapping>