<?xml version="1.0" encoding="UTF-8"?>
<!DOCTYPE struts PUBLIC
	"-//Apache Software Foundation//DTD Struts Configuration 2.3//EN"
	"http://struts.apache.org/dtds/struts-2.3.dtd">

<struts>
    <constant name="struts.enable.DynamicMethodInvocation" value="true" />
    <package name="strutsapp" namespace="/" extends="struts-default">
    	<interceptors>
			<interceptor name="authority" class="cn.zq.www.interceptor.AuthorityInterceptor" />
		</interceptors>
		
		<global-results>
			<result name="login">/login.jsp</result>
		</global-results>
		
		<action name="userAction" class="cn.zq.www.action.UserAction">
			<result name="input" type="redirect">/login.jsp</result>
			<result name="success" type="redirect">/userInfo.jsp</result>
			
		</action>
		
		<action name="listUserAction" class="cn.zq.www.action.UserAction">
			<interceptor-ref name="authority"></interceptor-ref>
			<result name="listSuc">/list.jsp</result>
		</action>
    </package>


    <!-- Add packages here -->

</struts>
